{"schemaVersion":"1.0","appDefinitionTemplate":{"id":"/providers/Microsoft.PowerApps/apps/","type":"Microsoft.PowerApps/apps","tags":{"primaryDeviceWidth":"640","primaryDeviceHeight":"1136","sienaVersion":"20200401T063106Z-3.20022.21.0","deviceCapabilities":"","supportsPortrait":"true","supportsLandscape":"false","primaryFormFactor":"Phone","publisherVersion":"3.20022.21","minimumRequiredApiVersion":"2.2.0","hasComponent":"false","hasUnlockedComponent":"false"},"properties":{"appVersion":"2020-04-01T06:31:06Z","lifeCycleId":"Published","createdByClientVersion":{"major":3,"minor":20022,"build":21,"revision":0,"majorRevision":0,"minorRevision":0},"minClientVersion":{"major":3,"minor":20022,"build":21,"revision":0,"majorRevision":0,"minorRevision":0},"backgroundColor":"rgba(253, 193, 2, 1)","backgroundImageUri":"/17527283913644782925/Nb7baf37c-74eb-4345-99e4-b7fdc83c8a68-logoSmallFile","displayName":"Power Memory","description":"","commitMessage":"","appUris":{"documentUri":{"value":"/17527283913644782925/Nb3e9382e-733c-4922-88fd-190e5028f1a9-document.msapp","readonlyValue":"/17527283913644782925/Nb3e9382e-733c-4922-88fd-190e5028f1a9-document.msapp"},"imageUris":[]},"createdTime":"0001-01-01T00:00:00Z","lastModifiedTime":"0001-01-01T00:00:00Z","sharedGroupsCount":0,"sharedUsersCount":0,"icons":{"smallIconUri":"/17527283913644782925/N4f5c3a28-819f-473d-a473-0616368f0446-small.png","mediumIconUri":"/17527283913644782925/N17a7342d-2c8c-4674-948c-2dfb624d468d-medium.png","largeIconUri":"/17527283913644782925/N1e74ba8d-cf53-4fdb-9007-b91d0f20d63e-large.png","wideIconUri":"/17527283913644782925/Nd61d7276-37bf-40a7-972e-588b7ca6dfeb-wide.png"},"connectionReferences":{},"databaseReferences":{},"almMode":"Environment","performanceOptimizationEnabled":false,"canConsumeAppPass":true},"isAppComponentLibrary":false,"appType":"ClassicCanvasApp","appComponents":[]}}